{"cameraMode":{"drawMode":0,"name":"Shaded","section":"Shading Mode"},"sceneLighting":true,"audioPlay":false,"sceneViewState":{"showFog":false,"showMaterialUpdate":false,"showSkybox":false,"showFlares":false,"showImageEffects":true,"showParticleSystems":true},"in2DMode":false,"pivot":{"x":-0.7567076683044434,"y":1.689640760421753,"z":5.316964626312256},"rotation":{"x":0.1400066316127777,"y":-0.44892606139183047,"z":0.07139448076486588,"w":0.8796722888946533},"size":11.579188346862793,"orthographic":false}