{"cameraMode":{"drawMode":0,"name":"Shaded","section":"Shading Mode"},"sceneLighting":false,"audioPlay":false,"sceneViewState":{"showFog":false,"showMaterialUpdate":false,"showSkybox":false,"showFlares":false,"showImageEffects":true,"showParticleSystems":true},"in2DMode":false,"pivot":{"x":-0.07999998331069946,"y":0.8879954814910889,"z":1.7625000476837159},"rotation":{"x":-0.08321255445480347,"y":0.8220131397247315,"z":-0.12449541687965393,"w":-0.5494309067726135},"size":4.37502908706665,"orthographic":false}