{"cameraMode":{"drawMode":0,"name":"Shaded","section":"Shading Mode"},"sceneLighting":true,"audioPlay":false,"sceneViewState":{"showFog":false,"showMaterialUpdate":false,"showSkybox":false,"showFlares":false,"showImageEffects":true,"showParticleSystems":true},"in2DMode":false,"pivot":{"x":-14.753592491149903,"y":-2.3044354915618898,"z":4.330801963806152},"rotation":{"x":-0.07957631349563599,"y":0.661660373210907,"z":-0.07094116508960724,"w":-0.7421903014183044},"size":18.23208236694336,"orthographic":false}