{"cameraMode":{"drawMode":0,"name":"Shaded","section":"Shading Mode"},"sceneLighting":false,"audioPlay":false,"sceneViewState":{"showFog":false,"showMaterialUpdate":false,"showSkybox":false,"showFlares":false,"showImageEffects":true,"showParticleSystems":true},"in2DMode":false,"pivot":{"x":-0.5435203313827515,"y":0.03970639407634735,"z":0.818283200263977},"rotation":{"x":-0.1510065346956253,"y":0.44250088930130007,"z":-0.07587116956710816,"w":-0.8807055354118347},"size":0.4615592360496521,"orthographic":false}